miasto;woj
Bełchatów;łódzkie
Będzin;śląskie
Biała;opolskie
Biała Podlaska;lubelskie
Białystok;podlaskie
Bielsk Podlaski;podlaskie
Bielsko-Biała;śląskie
Biskupiec;warmińsko-mazurskie
Bochnia;małopolskie
Brzeziny;łódzkie
Bydgoszcz;kujawsko-pomorskie
Bystra;śląskie
Bytów;pomorskie
CHEŁMNO;kujawsko-pomorskie
Chęciny;świętokrzyskie
Chojnice;pomorskie
Chorzów;śląskie
Chrzanów;małopolskie
Ciechanów;mazowieckie
Cieszyn;śląskie
Dąbrowa Górnicza;śląskie
Elbląg;warmińsko-mazurskie
Ełk ;warmińsko-mazurskie
Gdańsk;pomorskie
Gniezno;wielkopolskie
Gorlice;małopolskie
Gorzewo;mazowieckie
Grodzisk Mazowiecki;mazowieckie
Gryfice;zachodniopomorskie
Jarosław;podkarpackie
Jastrzębie Zdrój;śląskie
Jelenia Góra;dolnośląskie
Józefów;mazowieckie
Karpacz;dolnośląskie
Katowice;śląskie
Konin;wielkopolskie
Końskie;świętokrzyskie
Korfantów;opolskie
Kraków;małopolskie
Krasnystaw;lubelskie
Kraśnik;lubelskie
Krosno;podkarpackie
Kup;opolskie
Legnica;dolnośląskie
Leszno;wielkopolskie
Leżajsk;podkarpackie
Lębork;pomorskie
Lubin;dolnośląskie
Łańcut;podkarpackie
Łęczna;lubelskie
Łomża;podlaskie
Łódź;łódzkie
Mielec;podkarpackie
Międzyrzec Podlaski;lubelskie
Milicz;dolnośląskie
Nowy Sącz;małopolskie
Nowy Targ;małopolskie
Nysa;opolskie
Olsztyn;warmińsko-mazurskie
Opole;opolskie
Opole;opolskie
Opole;opolskie
Osielsko;kujawsko-pomorskie
Ostrołęka;mazowieckie
Ostrów Mazowiecka;mazowieckie
Ostrów Wielkopolski;wielkopolskie
Ozimek;dolnośląskie
Pabianice;łódzkie
Parczew;lubelskie
Pilchowice;śląskie
Piła;wielkopolskie
Pisz;warmińsko-mazurskie
Pleszew;wielkopolskie
Płock;mazowieckie
Polanica-Zdrój;dolnośląskie
Poznań;wielkopolskie
Prabuty;pomorskie
Pruszków;mazowieckie
Przemyśl;podkarpackie
Puławy;lubelskie
Puszczykowo;wielkopolskie
Rabka-Zdrój;małopolskie
Radom;mazowieckie
Radomsko;łódzkie
Ruda Śląska;śląskie
Rzeszów;podkarpackie
Sandomierz;świętokrzyskie
Sanok;podkarpackie
Skawina;małopolskie
Słupsk;pomorskie
Sosnowiec;śląskie
Stalowa Wola;podkarpackie
Starachowice ;świętokrzyskie
Starogard Gdański;pomorskie
Sucha Beskidzka;małopolskie
Suwałki;podlaskie
Szczecin;zachodniopomorskie
Szczecinek;zachodniopomorskie
Śrem;wielkopolskie
ŚWIDNICA;dolnośląskie
Świdnik;lubelskie
Świętochłowice;śląskie
Świnoujście;zachodniopomorskie
Tarnobrzeg;podkarpackie
Tarnów;małopolskie
Tomaszów Lubelski;lubelskie
Toruń;kujawsko-pomorskie
Wadowice;małopolskie
Wałcz;zachodniopomorskie
Warszawa;mazowieckie
Wieruszów;łódzkie
Wolica;wielkopolskie
Wrocław ;dolnośląskie
Wyszków;mazowieckie
Zabrze;śląskie
Zakopane;małopolskie
Zamość;lubelskie
Zawiercie;śląskie
Zielona Góra;lubuskie
Złotów;wielkopolskie
Żory;śląskie
